Date,Price_Merged
2012-05-09,560.0
2012-05-10,560.0
2012-05-11,566.4
2012-05-14,544.0
2012-05-15,532.8
2012-05-16,542.8
2012-05-17,556.8
2012-05-18,538.4
2012-05-21,540.0
2012-05-22,542.0
2012-05-23,535.6
2012-05-24,536.0
2012-05-25,534.8
2012-05-28,544.0
2012-05-29,554.4
2012-05-30,550.0
2012-05-31,563.2
2012-06-01,553.6
2012-06-04,528.0
2012-06-05,540.0
2012-06-06,544.8
2012-06-07,548.0
2012-06-08,548.0
2012-06-11,560.0
2012-06-12,560.4
2012-06-13,560.8
2012-06-14,560.0
2012-06-15,551.6
2012-06-18,557.2
2012-06-19,561.6
2012-06-20,568.0
2012-06-21,556.0
2012-06-22,561.6
2012-06-25,568.0
2012-06-26,568.0
2012-06-27,582.4
2012-06-28,577.6
2012-06-29,584.0
2012-07-02,581.6
2012-07-03,592.0
2012-07-04,593.2
2012-07-05,593.6
2012-07-06,596.0
2012-07-09,589.2
2012-07-10,592.0
2012-07-11,592.0
2012-07-12,581.6
2012-07-13,580.0
2012-07-16,591.6
2012-07-17,592.8
2012-07-18,580.0
2012-07-19,576.0
2012-07-20,574.4
2012-07-23,572.0
2012-07-24,592.0
2012-07-25,576.0
2012-07-26,577.6
2012-07-27,592.4
2012-07-30,600.0
2012-07-31,600.0
2012-08-01,602.4
2012-08-02,602.0
2012-08-03,600.8
2012-08-06,606.4
2012-08-07,595.5999999999999
2012-08-08,584.8
2012-08-09,584.4
2012-08-10,592.0
2012-08-13,594.4
2012-08-14,600.0
2012-08-15,600.0
2012-08-16,587.2
2012-08-17,589.6
2012-08-20,591.7333333333333
2012-08-21,593.8666666666667
2012-08-22,596.0
2012-08-23,596.0
2012-08-24,564.0
2012-08-27,565.0
2012-08-28,566.0
2012-08-29,567.2
2012-08-30,564.8
2012-08-31,567.2
2012-09-03,568.8
2012-09-04,574.8
2012-09-05,572.4
2012-09-06,575.2
2012-09-07,576.8
2012-09-10,577.2
2012-09-11,576.8
2012-09-12,577.6
2012-09-13,580.0
2012-09-14,588.8
2012-09-17,588.0
2012-09-18,591.2
2012-09-19,587.2
2012-09-20,581.6
2012-09-21,582.0
2012-09-24,579.2
2012-09-25,585.6
2012-09-26,584.4
2012-09-27,581.6
2012-09-28,584.0
2012-10-01,582.4
2012-10-02,592.0
2012-10-03,608.0
2012-10-04,644.4
2012-10-05,644.0
2012-10-08,655.6
2012-10-09,651.6
2012-10-10,634.8
2012-10-11,624.0
2012-10-12,616.0
2012-10-15,640.0
2012-10-16,631.6
2012-10-17,645.6
2012-10-18,653.6
2012-10-19,659.2
2012-10-22,656.0
2012-10-23,663.6
2012-10-24,653.2
2012-10-25,652.4
2012-10-26,647.2
2012-10-29,642.0
2012-10-30,641.6
2012-10-31,642.4
2012-11-01,642.4
2012-11-02,642.4
2012-11-05,642.4
2012-11-06,642.4
2012-11-07,639.2
2012-11-08,639.2
2012-11-09,652.0
2012-11-12,652.0
2012-11-13,654.4
2012-11-14,651.2
2012-11-15,651.6
2012-11-16,655.2
2012-11-19,653.6
2012-11-20,664.8
2012-11-21,667.2
2012-11-22,664.0
2012-11-23,668.8
2012-11-26,670.0
2012-11-27,673.2
2012-11-28,674.0
2012-11-29,701.6
2012-11-30,698.0
2012-12-03,694.4
2012-12-04,688.0
2012-12-05,676.0
2012-12-06,678.0
2012-12-07,694.4
2012-12-10,689.6
2012-12-11,719.2
2012-12-12,700.0
2012-12-13,688.4
2012-12-14,675.2
2012-12-17,652.8
2012-12-18,663.2
2012-12-19,680.0
2012-12-20,698.8
2012-12-21,711.6
2012-12-24,714.5333333333333
2012-12-25,717.4666666666667
2012-12-26,720.4
2012-12-27,704.0
2012-12-28,705.6
2012-12-31,710.4
2013-01-01,715.2
2013-01-02,720.0
2013-01-03,732.0
2013-01-04,729.6
2013-01-07,738.4
2013-01-08,751.2
2013-01-09,757.6
2013-01-10,736.0
2013-01-11,736.0
2013-01-14,743.6
2013-01-15,744.0
2013-01-16,742.4
2013-01-17,752.0
2013-01-18,773.6
2013-01-21,784.0
2013-01-22,772.0
2013-01-23,760.0
2013-01-24,755.6
2013-01-25,755.2
2013-01-28,756.0
2013-01-29,754.0
2013-01-30,760.0
2013-01-31,761.6
2013-02-01,761.6
2013-02-04,784.0
2013-02-05,796.0
2013-02-06,792.0
2013-02-07,795.2
2013-02-08,794.8
2013-02-11,800.0
2013-02-12,799.2
2013-02-13,802.4
2013-02-14,797.6
2013-02-15,789.6
2013-02-18,797.6
2013-02-19,800.0
2013-02-20,805.6
2013-02-21,818.4
2013-02-22,813.6
2013-02-25,819.2
2013-02-26,808.0
2013-02-27,808.0
2013-02-28,835.2
2013-03-01,809.6
2013-03-04,804.0
2013-03-05,812.0
2013-03-06,827.2
2013-03-07,840.8
2013-03-08,880.0
2013-03-11,877.6
2013-03-12,883.2
2013-03-13,878.4
2013-03-14,860.0
2013-03-15,863.2
2013-03-18,826.4
2013-03-19,808.0
2013-03-20,817.6
2013-03-21,820.0
2013-03-22,826.4
2013-03-25,832.0
2013-03-26,847.2
2013-03-27,892.0
2013-03-28,901.3333333333334
2013-03-29,910.6666666666666
2013-04-01,920.0
2013-04-02,904.0
2013-04-03,911.2
2013-04-04,908.8
2013-04-05,889.6
2013-04-08,893.6
2013-04-09,892.0
2013-04-10,890.4
2013-04-11,895.2
2013-04-12,908.0
2013-04-15,895.2
2013-04-16,884.0
2013-04-17,893.6
2013-04-18,888.0
2013-04-19,900.0
2013-04-22,920.0
2013-04-23,894.4
2013-04-24,896.0
2013-04-25,911.2
2013-04-26,912.8
2013-04-29,910.4
2013-04-30,916.0
2013-05-01,918.0
2013-05-02,920.0
2013-05-03,938.4
2013-05-06,929.6
2013-05-07,920.0
2013-05-08,921.6
2013-05-09,924.0
2013-05-10,928.0
2013-05-13,930.0
2013-05-14,932.0
2013-05-15,944.8
2013-05-16,950.4
2013-05-17,943.2
2013-05-20,948.0
2013-05-21,951.2
2013-05-22,962.4
2013-05-23,958.4
2013-05-24,953.6
2013-05-27,924.0
2013-05-28,925.6
2013-05-29,936.0
2013-05-30,895.2
2013-05-31,879.6
2013-06-03,864.0
2013-06-04,839.2
2013-06-05,813.6
2013-06-06,824.0
2013-06-07,838.4
2013-06-10,863.2
2013-06-11,816.0
2013-06-12,788.2
2013-06-13,760.4
2013-06-14,792.8
2013-06-17,802.4
2013-06-18,836.0
2013-06-19,838.4
2013-06-20,792.8
2013-06-21,765.2
2013-06-24,746.4
2013-06-25,728.0
2013-06-26,774.4
2013-06-27,812.0
2013-06-28,856.0
2013-07-01,880.0
2013-07-02,885.6
2013-07-03,900.0
2013-07-04,881.0
2013-07-05,890.0
2013-07-08,851.0
2013-07-09,838.0
2013-07-10,860.0
2013-07-11,875.0
2013-07-12,913.5
2013-07-15,940.0
2013-07-16,920.0
2013-07-17,944.0
2013-07-18,950.0
2013-07-19,950.0
2013-07-22,937.0
2013-07-23,950.0
2013-07-24,960.0
2013-07-25,956.5
2013-07-26,958.0
2013-07-29,952.0
2013-07-30,952.0
2013-07-31,950.0
2013-08-01,961.5
2013-08-02,879.0
2013-08-05,881.0
2013-08-06,859.0
2013-08-07,846.0
2013-08-08,826.5
2013-08-09,823.75
2013-08-12,821.0
2013-08-13,846.5
2013-08-14,873.0
2013-08-15,805.5
2013-08-16,796.0
2013-08-19,778.25
2013-08-20,760.5
2013-08-21,742.75
2013-08-22,725.0
2013-08-23,730.0
2013-08-26,707.5
2013-08-27,685.0
2013-08-28,634.0
2013-08-29,661.0
2013-08-30,670.0
2013-09-02,705.0
2013-09-03,700.0
2013-09-04,681.0
2013-09-05,682.0
2013-09-06,692.0
2013-09-09,699.0
2013-09-10,717.5
2013-09-11,733.0
2013-09-12,760.0
2013-09-13,743.5
2013-09-16,805.0
2013-09-17,795.0
2013-09-18,785.0
2013-09-19,829.5
2013-09-20,812.0
2013-09-23,815.0
2013-09-24,815.0
2013-09-25,810.0
2013-09-26,816.0
2013-09-27,816.0
2013-09-30,780.0
2013-10-01,772.0
2013-10-02,801.0
2013-10-03,817.0
2013-10-04,807.5
2013-10-07,837.0
2013-10-08,839.0
2013-10-09,822.5
2013-10-10,835.5
2013-10-11,847.0
2013-10-14,843.0
2013-10-15,841.5
2013-10-16,840.0
2013-10-17,848.0
2013-10-18,854.0
2013-10-21,852.0
2013-10-22,845.0
2013-10-23,863.0
2013-10-24,853.0
2013-10-25,838.0
2013-10-28,849.0
2013-10-29,860.0
2013-10-30,855.0
2013-10-31,856.0
2013-11-01,848.5
2013-11-04,841.0
2013-11-05,835.0
2013-11-06,813.0
2013-11-07,796.0
2013-11-08,756.0
2013-11-11,760.0
2013-11-12,768.0
2013-11-13,767.5
2013-11-14,765.0
2013-11-15,771.0
2013-11-18,763.0
2013-11-19,744.0
2013-11-20,720.5
2013-11-21,742.0
2013-11-22,729.0
2013-11-25,719.0
2013-11-26,730.0
2013-11-27,730.0
2013-11-28,748.0
2013-11-29,755.0
2013-12-02,743.0
2013-12-03,730.0
2013-12-04,726.0
2013-12-05,717.5
2013-12-06,718.5
2013-12-09,720.0
2013-12-10,712.0
2013-12-11,710.0
2013-12-12,695.0
2013-12-13,704.0
2013-12-16,723.0
2013-12-17,736.0
2013-12-18,737.0
2013-12-19,735.0
2013-12-20,719.0
2013-12-23,716.5
2013-12-24,715.3333333333334
2013-12-25,714.1666666666666
2013-12-26,713.0
2013-12-27,711.0
2013-12-30,712.125
2013-12-31,713.25
2014-01-01,714.375
2014-01-02,715.5
2014-01-03,706.0
2014-01-06,713.0
2014-01-07,713.5
2014-01-08,713.5
2014-01-09,702.0
2014-01-10,680.0
2014-01-13,710.0
2014-01-14,708.0
2014-01-15,700.0
2014-01-16,709.5
2014-01-17,709.0
2014-01-20,711.5
2014-01-21,703.0
2014-01-22,712.0
2014-01-23,714.0
2014-01-24,722.5
2014-01-27,703.5
2014-01-28,701.5
2014-01-29,711.0
2014-01-30,704.5
2014-01-31,702.75
2014-02-03,701.0
2014-02-04,683.0
2014-02-05,690.0
2014-02-06,683.0
2014-02-07,692.0
2014-02-10,695.0
2014-02-11,700.5
2014-02-12,703.0
2014-02-13,702.0
2014-02-14,703.0
2014-02-17,703.5
2014-02-18,704.0
2014-02-19,707.0
2014-02-20,714.0
2014-02-21,708.0
2014-02-24,707.0
2014-02-25,699.0
2014-02-26,704.0
2014-02-27,700.0
2014-02-28,694.0
2014-03-03,714.5
2014-03-04,715.0
2014-03-05,721.5
2014-03-06,722.0
2014-03-07,720.0
2014-03-10,720.0
2014-03-11,724.0
2014-03-12,717.0
2014-03-13,716.0
2014-03-14,718.5
2014-03-17,717.0
2014-03-18,718.5
2014-03-19,715.5
2014-03-20,714.0
2014-03-21,700.0
2014-03-24,709.0
2014-03-25,700.0
2014-03-26,699.5
2014-03-27,688.0
2014-03-28,694.5
2014-03-31,705.0
2014-04-01,717.5
2014-04-02,721.5
2014-04-03,720.0
2014-04-04,724.5
2014-04-07,718.5
2014-04-08,718.5
2014-04-09,720.75
2014-04-10,723.0
2014-04-11,718.5
2014-04-14,718.5
2014-04-15,720.0
2014-04-16,727.0
2014-04-17,730.6666666666666
2014-04-18,734.3333333333334
2014-04-21,738.0
2014-04-22,746.5
2014-04-23,742.5
2014-04-24,737.5
2014-04-25,734.5
2014-04-28,724.0
2014-04-29,720.0
2014-04-30,725.0
2014-05-01,726.25
2014-05-02,727.5
2014-05-05,751.0
2014-05-06,742.0
2014-05-07,742.5
2014-05-08,744.0
2014-05-09,765.0
2014-05-12,765.0
2014-05-13,781.0
2014-05-14,780.0
2014-05-15,775.5
2014-05-16,769.0
2014-05-19,780.5
2014-05-20,777.5
2014-05-21,750.5
2014-05-22,766.5
2014-05-23,765.0
2014-05-26,765.5
2014-05-27,764.0
2014-05-28,771.0
2014-05-29,763.5
2014-05-30,786.0
2014-06-02,779.0
2014-06-03,784.0
2014-06-04,773.0
2014-06-05,778.0
2014-06-06,780.0
2014-06-09,786.5
2014-06-10,775.0
2014-06-11,782.0
2014-06-12,788.0
2014-06-13,794.0
2014-06-16,791.0
2014-06-17,788.0
2014-06-18,785.0
2014-06-19,785.0
2014-06-20,781.0
2014-06-23,799.0
2014-06-24,818.0
2014-06-25,826.5
2014-06-26,832.0
2014-06-27,811.5
2014-06-30,816.0
2014-07-01,804.5
2014-07-02,809.0
2014-07-03,539.67
2014-07-04,551.0
2014-07-07,551.0
2014-07-08,545.67
2014-07-09,543.33
2014-07-10,541.0
2014-07-11,532.67
2014-07-14,525.33
2014-07-15,524.0
2014-07-16,522.835
2014-07-17,521.67
2014-07-18,516.0
2014-07-21,514.0
2014-07-22,518.0
2014-07-23,521.33
2014-07-24,526.67
2014-07-25,527.0
2014-07-28,531.33
2014-07-29,531.665
2014-07-30,532.0
2014-07-31,531.33
2014-08-01,526.67
2014-08-04,531.33
2014-08-05,533.33
2014-08-06,527.33
2014-08-07,531.33
2014-08-08,513.33
2014-08-11,518.0
2014-08-12,517.33
2014-08-13,518.33
2014-08-14,523.33
2014-08-15,518.67
2014-08-18,522.0
2014-08-19,525.0
2014-08-20,525.67
2014-08-21,528.17
2014-08-22,530.67
2014-08-25,532.0
2014-08-26,533.33
2014-08-27,535.0
2014-08-28,533.0
2014-08-29,514.67
2014-09-01,526.33
2014-09-02,530.33
2014-09-03,538.67
2014-09-04,535.33
2014-09-05,537.0
2014-09-08,537.0
2014-09-09,537.0
2014-09-10,535.67
2014-09-11,538.33
2014-09-12,537.0
2014-09-15,534.33
2014-09-16,534.0
2014-09-17,538.67
2014-09-18,546.33
2014-09-19,546.5
2014-09-22,546.67
2014-09-23,537.33
2014-09-24,539.33
2014-09-25,536.67
2014-09-26,536.33
2014-09-29,536.0
2014-09-30,535.67
2014-10-01,539.33
2014-10-02,539.33
2014-10-03,540.67
2014-10-06,537.335
2014-10-07,534.0
2014-10-08,529.67
2014-10-09,534.0
2014-10-10,529.33
2014-10-13,508.0
2014-10-14,509.33
2014-10-15,510.0
2014-10-16,502.33
2014-10-17,501.67
2014-10-20,520.0
2014-10-21,522.67
2014-10-22,510.0
2014-10-23,506.0
2014-10-24,512.67
2014-10-27,512.67
2014-10-28,514.33
2014-10-29,515.67
2014-10-30,523.33
2014-10-31,522.33
2014-11-03,532.67
2014-11-04,533.0
2014-11-05,534.67
2014-11-06,536.67
2014-11-07,532.67
2014-11-10,532.0
2014-11-11,530.0
2014-11-12,524.0
2014-11-13,518.67
2014-11-14,518.67
2014-11-17,517.33
2014-11-18,525.67
2014-11-19,522.0
2014-11-20,530.0
2014-11-21,533.33
2014-11-24,534.0
2014-11-25,523.33
2014-11-26,536.0
2014-11-27,533.33
2014-11-28,536.33
2014-12-01,547.0
2014-12-02,545.33
2014-12-03,546.0
2014-12-04,543.33
2014-12-05,539.67
2014-12-08,539.835
2014-12-09,540.0
2014-12-10,537.0
2014-12-11,530.0
2014-12-12,542.0
2014-12-15,544.67
2014-12-16,534.67
2014-12-17,520.67
2014-12-18,526.67
2014-12-19,532.33
2014-12-22,534.0
2014-12-23,532.33
2014-12-24,535.08
2014-12-25,537.83
2014-12-26,540.58
2014-12-29,543.33
2014-12-30,544.13
2014-12-31,544.9300000000001
2015-01-01,545.73
2015-01-02,546.5300000000001
2015-01-05,547.33
2015-01-06,548.0
2015-01-07,553.33
2015-01-08,560.0
2015-01-09,567.33
2015-01-12,566.67
2015-01-13,567.33
2015-01-14,577.67
2015-01-15,575.89
2015-01-16,574.11
2015-01-19,572.33
2015-01-20,571.67
2015-01-21,575.0
2015-01-22,573.33
2015-01-23,583.33
2015-01-26,581.33
2015-01-27,581.67
2015-01-28,598.33
2015-01-29,606.67
2015-01-30,619.33
2015-02-02,606.67
2015-02-03,602.33
2015-02-04,603.33
2015-02-05,597.33
2015-02-06,601.0
2015-02-09,616.67
2015-02-10,608.0
2015-02-11,601.33
2015-02-12,606.0
2015-02-13,608.67
2015-02-16,616.0
2015-02-17,613.33
2015-02-18,611.33
2015-02-19,612.5
2015-02-20,613.67
2015-02-23,612.0
2015-02-24,612.0
2015-02-25,611.67
2015-02-26,600.0
2015-02-27,586.67
2015-03-02,598.0
2015-03-03,600.0
2015-03-04,602.0
2015-03-05,608.33
2015-03-06,607.33
2015-03-09,610.0
2015-03-10,609.33
2015-03-11,605.67
2015-03-12,610.0
2015-03-13,613.33
2015-03-16,601.33
2015-03-17,602.67
2015-03-18,602.67
2015-03-19,602.33
2015-03-20,601.33
2015-03-23,600.0
2015-03-24,599.33
2015-03-25,592.0
2015-03-26,592.33
2015-03-27,592.33
2015-03-30,600.0
2015-03-31,599.67
2015-04-01,603.33
2015-04-02,607.5533333333334
2015-04-03,611.7766666666666
2015-04-06,616.0
2015-04-07,631.67
2015-04-08,625.33
2015-04-09,636.0
2015-04-10,646.67
2015-04-13,632.67
2015-04-14,626.67
2015-04-15,617.0
2015-04-16,624.0
2015-04-17,620.67
2015-04-20,620.0
2015-04-21,612.0
2015-04-22,610.0
2015-04-23,608.67
2015-04-24,620.0
2015-04-27,624.67
2015-04-28,616.33
2015-04-29,605.33
2015-04-30,600.33
2015-05-01,602.5
2015-05-04,604.67
2015-05-05,616.67
2015-05-06,607.0
2015-05-07,606.67
2015-05-08,604.0
2015-05-11,598.67
2015-05-12,599.33
2015-05-13,599.0
2015-05-14,600.0
2015-05-15,606.67
2015-05-18,609.33
2015-05-19,605.67
2015-05-20,601.33
2015-05-21,600.0
2015-05-22,600.0
2015-05-25,600.0
2015-05-26,599.33
2015-05-27,590.0
2015-05-28,581.67
2015-05-29,586.67
2015-06-01,592.0
2015-06-02,586.67
2015-06-03,592.67
2015-06-04,590.0
2015-06-05,583.0
2015-06-08,584.0
2015-06-09,582.67
2015-06-10,585.33
2015-06-11,593.33
2015-06-12,593.665
2015-06-15,594.0
2015-06-16,593.67
2015-06-17,587.33
2015-06-18,590.33
2015-06-19,587.33
2015-06-22,584.67
2015-06-23,584.0
2015-06-24,583.33
2015-06-25,581.0
2015-06-26,597.33
2015-06-29,589.33
2015-06-30,596.67
2015-07-01,600.0
2015-07-02,598.0
2015-07-03,590.67
2015-07-06,587.67
2015-07-07,586.67
2015-07-08,580.67
2015-07-09,580.0
2015-07-10,574.67
2015-07-13,598.0
2015-07-14,603.33
2015-07-15,603.33
2015-07-16,610.0
2015-07-17,605.665
2015-07-20,601.33
2015-07-21,606.67
2015-07-22,606.67
2015-07-23,601.33
2015-07-24,606.67
2015-07-27,605.33
2015-07-28,593.33
2015-07-29,584.0
2015-07-30,585.0
2015-07-31,595.33
2015-08-03,601.0
2015-08-04,606.67
2015-08-05,613.33
2015-08-06,610.0
2015-08-07,600.33
2015-08-10,600.33
2015-08-11,601.67
2015-08-12,600.67
2015-08-13,609.67
2015-08-14,619.33
2015-08-17,600.0
2015-08-18,600.0
2015-08-19,598.67
2015-08-20,598.0
2015-08-21,579.0
2015-08-24,560.0
2015-08-25,593.33
2015-08-26,572.67
2015-08-27,580.0
2015-08-28,585.33
2015-08-31,588.33
2015-09-01,591.33
2015-09-02,587.33
2015-09-03,590.0
2015-09-04,582.0
2015-09-07,574.67
2015-09-08,566.67
2015-09-09,563.33
2015-09-10,563.33
2015-09-11,561.33
2015-09-14,596.33
2015-09-15,590.33
2015-09-16,594.0
2015-09-17,600.0
2015-09-18,586.67
2015-09-21,593.33
2015-09-22,593.33
2015-09-23,585.67
2015-09-24,586.67
2015-09-25,580.0
2015-09-28,573.33
2015-09-29,583.33
2015-09-30,593.67
2015-10-01,592.33
2015-10-02,580.33
2015-10-05,586.0
2015-10-06,586.67
2015-10-07,586.33
2015-10-08,585.33
2015-10-09,586.0
2015-10-12,589.33
2015-10-13,580.0
2015-10-14,573.33
2015-10-15,586.33
2015-10-16,581.0
2015-10-19,573.67
2015-10-20,584.0
2015-10-21,583.67
2015-10-22,583.33
2015-10-23,590.0
2015-10-26,597.33
2015-10-27,595.33
2015-10-28,588.33
2015-10-29,581.0
2015-10-30,583.33
2015-11-02,583.33
2015-11-03,586.67
2015-11-04,592.0
2015-11-05,580.0
2015-11-06,579.33
2015-11-09,578.33
2015-11-10,570.0
2015-11-11,569.67
2015-11-12,569.67
2015-11-13,565.67
2015-11-16,554.0
2015-11-17,560.0
2015-11-18,564.89
2015-11-19,569.78
2015-11-20,574.67
2015-11-23,580.0
2015-11-24,580.0
2015-11-25,586.67
2015-11-26,586.67
2015-11-27,563.33
2015-11-30,566.665
2015-12-01,570.0
2015-12-02,574.67
2015-12-03,572.0
2015-12-04,566.0
2015-12-07,571.0
2015-12-08,562.0
2015-12-09,556.67
2015-12-10,560.0
2015-12-11,546.67
2015-12-14,542.33
2015-12-15,540.0
2015-12-16,552.0
2015-12-17,566.67
2015-12-18,563.33
2015-12-21,570.0
2015-12-22,569.0
2015-12-23,576.67
2015-12-24,576.67
2015-12-25,576.67
2015-12-28,576.67
2015-12-29,576.0
2015-12-30,572.25
2015-12-31,568.5
2016-01-01,564.75
2016-01-04,561.0
2016-01-05,566.67
2016-01-06,560.0
2016-01-07,540.0
2016-01-08,538.67
2016-01-11,513.0
2016-01-12,516.67
2016-01-13,540.0
2016-01-14,529.33
2016-01-15,539.33
2016-01-18,533.33
2016-01-19,533.33
2016-01-20,520.0
2016-01-21,493.33
2016-01-22,493.33
2016-01-25,521.33
2016-01-26,502.33
2016-01-27,520.33
2016-01-28,543.33
2016-01-29,551.67
2016-02-01,553.33
2016-02-02,553.33
2016-02-03,540.0
2016-02-04,560.0
2016-02-05,564.67
2016-02-08,557.335
2016-02-09,550.0
2016-02-10,542.0
2016-02-11,536.67
2016-02-12,542.33
2016-02-15,545.33
2016-02-16,546.33
2016-02-17,547.33
2016-02-18,563.33
2016-02-19,551.33
2016-02-22,556.67
2016-02-23,551.33
2016-02-24,558.67
2016-02-25,561.0
2016-02-26,563.33
2016-02-29,546.67
2016-03-01,584.67
2016-03-02,600.33
2016-03-03,625.33
2016-03-04,606.67
2016-03-07,601.0
2016-03-08,618.0
2016-03-09,613.33
2016-03-10,626.67
2016-03-11,617.67
2016-03-14,610.0
2016-03-15,620.0
2016-03-16,622.67
2016-03-17,638.67
2016-03-18,660.0
2016-03-21,663.0
2016-03-22,659.67
2016-03-23,660.0
2016-03-24,655.5566666666666
2016-03-25,651.1133333333333
2016-03-28,646.67
2016-03-29,639.33
2016-03-30,635.33
2016-03-31,633.0
2016-04-01,640.0
2016-04-04,645.0
2016-04-05,640.0
2016-04-06,629.67
2016-04-07,639.67
2016-04-08,640.0
2016-04-11,640.0
2016-04-12,640.0
2016-04-13,642.0
2016-04-14,643.33
2016-04-15,641.33
2016-04-18,640.0
2016-04-19,639.67
2016-04-20,639.33
2016-04-21,640.0
2016-04-22,637.0
2016-04-25,637.33
2016-04-26,636.33
2016-04-27,633.33
2016-04-28,630.67
2016-04-29,629.33
2016-05-02,620.0
2016-05-03,618.33
2016-05-04,614.0
2016-05-05,612.33
2016-05-06,608.67
2016-05-09,618.67
2016-05-10,628.67
2016-05-11,642.67
2016-05-12,631.67
2016-05-13,653.33
2016-05-16,666.0
2016-05-17,669.33
2016-05-18,670.67
2016-05-19,656.67
2016-05-20,636.67
2016-05-23,638.0
2016-05-24,652.67
2016-05-25,652.0
2016-05-26,640.67
2016-05-27,644.0
2016-05-30,633.33
2016-05-31,626.67
2016-06-01,650.0
2016-06-02,637.0
2016-06-03,649.0
2016-06-06,654.67
2016-06-07,653.33
2016-06-08,648.33
2016-06-09,643.33
2016-06-10,643.67
2016-06-13,658.0
2016-06-14,637.33
2016-06-15,636.67
2016-06-16,643.33
2016-06-17,641.0
2016-06-20,654.67
2016-06-21,664.0
2016-06-22,653.33
2016-06-23,660.0
2016-06-24,643.33
2016-06-27,646.67
2016-06-28,646.67
2016-06-29,663.33
2016-06-30,644.67
2016-07-01,660.0
2016-07-04,660.0
2016-07-05,660.0
2016-07-06,658.335
2016-07-07,656.67
2016-07-08,658.0
2016-07-11,666.0
2016-07-12,670.0
2016-07-13,665.33
2016-07-14,666.67
2016-07-15,674.0
2016-07-18,669.33
2016-07-19,673.33
2016-07-20,678.0
2016-07-21,683.33
2016-07-22,683.33
2016-07-25,684.0
2016-07-26,670.0
2016-07-27,680.67
2016-07-28,683.33
2016-07-29,689.0
2016-08-01,708.5
2016-08-02,705.0
2016-08-03,682.5
2016-08-04,678.0
2016-08-05,678.0
2016-08-08,680.0
2016-08-09,697.0
2016-08-10,693.5
2016-08-11,693.5
2016-08-12,685.0
2016-08-15,684.0
2016-08-16,695.0
2016-08-17,692.0
2016-08-18,695.0
2016-08-19,688.0
2016-08-22,695.0
2016-08-23,694.0
2016-08-24,690.5
2016-08-25,689.0
2016-08-26,690.0
2016-08-29,688.5
2016-08-30,687.0
2016-08-31,680.0
2016-09-01,675.0
2016-09-02,689.5
2016-09-05,689.5
2016-09-06,678.5
2016-09-07,666.0
2016-09-08,668.5
2016-09-09,668.5
2016-09-12,668.0
2016-09-13,667.5
2016-09-14,664.0
2016-09-15,685.5
2016-09-16,660.0
2016-09-19,655.0
2016-09-20,668.0
2016-09-21,656.5
2016-09-22,668.5
2016-09-23,669.0
2016-09-26,661.0
2016-09-27,658.5
2016-09-28,663.0
2016-09-29,670.0
2016-09-30,673.5
2016-10-03,675.0
2016-10-04,685.0
2016-10-05,677.0
2016-10-06,671.5
2016-10-07,675.0
2016-10-10,669.0
2016-10-11,671.5
2016-10-12,665.0
2016-10-13,656.0
2016-10-14,662.5
2016-10-17,665.0
2016-10-18,692.0
2016-10-19,700.0
2016-10-20,696.5
2016-10-21,697.0
2016-10-24,684.5
2016-10-25,688.0
2016-10-26,682.0
2016-10-27,680.0
2016-10-28,672.0
2016-10-31,671.6666666666666
2016-11-01,671.3333333333334
2016-11-02,671.0
2016-11-03,664.0
2016-11-04,668.0
2016-11-07,671.0
2016-11-08,671.0
2016-11-09,656.0
2016-11-10,669.5
2016-11-11,655.0
2016-11-14,653.5
2016-11-15,660.0
2016-11-16,665.0
2016-11-17,665.5
2016-11-18,665.0
2016-11-21,662.0
2016-11-22,622.5
2016-11-23,634.5
2016-11-24,642.0
2016-11-25,640.0
2016-11-28,625.0
2016-11-29,624.0
2016-11-30,627.0
2016-12-01,630.0
2016-12-02,650.0
2016-12-05,625.0
2016-12-06,634.0
2016-12-07,645.0
2016-12-08,650.0
2016-12-09,650.0
2016-12-12,645.0
2016-12-13,638.0
2016-12-14,650.0
2016-12-15,651.0
2016-12-16,651.0
2016-12-19,637.0
2016-12-20,624.0
2016-12-21,618.0
2016-12-22,608.0
2016-12-23,615.0
2016-12-26,621.0
2016-12-27,627.0
2016-12-28,657.0
2016-12-29,655.0
2016-12-30,653.3333333333334
2017-01-02,651.6666666666666
2017-01-03,650.0
2017-01-04,650.0
2017-01-05,689.0
2017-01-06,690.0
2017-01-09,690.0
2017-01-10,690.0
2017-01-11,680.0
2017-01-12,677.0
2017-01-13,681.0
2017-01-16,686.5
2017-01-17,683.0
2017-01-18,678.0
2017-01-19,680.0
2017-01-20,670.0
2017-01-23,706.0
2017-01-24,710.0
2017-01-25,710.5
2017-01-26,710.0
2017-01-27,705.0
2017-01-30,700.0
2017-01-31,690.0
2017-02-01,700.0
2017-02-02,695.0
2017-02-03,692.0
2017-02-06,697.5
2017-02-07,682.0
2017-02-08,691.0
2017-02-09,684.0
2017-02-10,671.0
2017-02-13,679.0
2017-02-14,662.0
2017-02-15,656.0
2017-02-16,675.0
2017-02-17,671.5
2017-02-20,680.0
2017-02-21,680.0
2017-02-22,680.0
2017-02-23,680.0
2017-02-24,668.0
2017-02-27,666.0
2017-02-28,663.0
2017-03-01,660.0
2017-03-02,663.5
2017-03-03,656.5
2017-03-06,670.0
2017-03-07,660.0
2017-03-08,655.0
2017-03-09,660.0
2017-03-10,599.0
2017-03-13,645.5
2017-03-14,652.5
2017-03-15,649.5
2017-03-16,649.5
2017-03-17,662.0
2017-03-20,659.0
2017-03-21,656.0
2017-03-22,647.0
2017-03-23,658.0
2017-03-24,666.0
2017-03-27,659.0
2017-03-28,680.5
2017-03-29,694.0
2017-03-30,696.0
2017-03-31,697.0
2017-04-03,698.5
2017-04-04,701.0
2017-04-05,730.0
2017-04-06,738.0
2017-04-07,738.0
2017-04-10,727.0
2017-04-11,723.0
2017-04-12,719.0
2017-04-13,719.6666666666666
2017-04-14,720.3333333333334
2017-04-17,721.0
2017-04-18,718.5
2017-04-19,711.0
2017-04-20,718.5
2017-04-21,711.0
2017-04-24,709.5
2017-04-25,727.0
2017-04-26,731.0
2017-04-27,728.0
2017-04-28,732.0
2017-05-01,736.0
2017-05-02,740.0
2017-05-03,745.0
2017-05-04,755.0
2017-05-05,774.0
2017-05-08,777.0
2017-05-09,784.0
2017-05-10,760.0
2017-05-11,773.0
2017-05-12,770.0
2017-05-15,773.0
2017-05-16,772.0
2017-05-17,778.0
2017-05-18,779.0
2017-05-19,775.0
2017-05-22,779.0
2017-05-23,788.0
2017-05-24,780.5
2017-05-25,780.0
2017-05-26,777.0
2017-05-29,777.0
2017-05-30,773.5
2017-05-31,770.0
2017-06-01,783.5
2017-06-02,767.5
2017-06-05,790.0
2017-06-06,780.5
2017-06-07,809.5
2017-06-08,794.0
2017-06-09,798.0
2017-06-12,794.0
2017-06-13,790.0
2017-06-14,792.5
2017-06-15,799.5
2017-06-16,775.0
2017-06-19,792.5
2017-06-20,792.5
2017-06-21,791.0
2017-06-22,785.0
2017-06-23,783.0
2017-06-26,786.0
2017-06-27,789.0
2017-06-28,787.0
2017-06-29,790.0
2017-06-30,803.0
2017-07-03,795.0
2017-07-04,792.0
2017-07-05,791.5
2017-07-06,793.0
2017-07-07,791.0
2017-07-10,790.0
2017-07-11,790.0
2017-07-12,791.0
2017-07-13,791.5
2017-07-14,789.5
2017-07-17,795.5
2017-07-18,795.5
2017-07-19,797.5
2017-07-20,791.0
2017-07-21,800.0
2017-07-24,788.0
2017-07-25,788.0
2017-07-26,788.0
2017-07-27,800.0
2017-07-28,805.0
2017-07-31,807.0
2017-08-01,807.5
2017-08-02,797.0
2017-08-03,801.0
2017-08-04,800.0
2017-08-07,813.5
2017-08-08,820.0
2017-08-09,830.0
2017-08-10,829.0
2017-08-11,829.5
2017-08-14,829.5
2017-08-15,828.0
2017-08-16,831.0
2017-08-17,830.0
2017-08-18,828.0
2017-08-21,825.5
2017-08-22,823.0
2017-08-23,817.0
2017-08-24,816.5
2017-08-25,821.0
2017-08-28,818.5
2017-08-29,816.0
2017-08-30,820.0
2017-08-31,810.5
2017-09-01,817.25
2017-09-04,824.0
2017-09-05,831.0
2017-09-06,815.5
2017-09-07,818.0
2017-09-08,818.0
2017-09-11,829.0
2017-09-12,820.5
2017-09-13,812.0
2017-09-14,825.0
2017-09-15,835.0
2017-09-18,868.5
2017-09-19,848.0
2017-09-20,855.0
2017-09-21,862.0
2017-09-22,864.0
2017-09-25,878.0
2017-09-26,875.0
2017-09-27,875.0
2017-09-28,873.5
2017-09-29,883.0
2017-10-02,897.0
2017-10-03,902.0
2017-10-04,907.0
2017-10-05,899.5
2017-10-06,911.0
2017-10-09,918.5
2017-10-10,940.0
2017-10-11,928.0
2017-10-12,942.0
2017-10-13,952.0
2017-10-16,966.0
2017-10-17,980.0
2017-10-18,964.0
2017-10-19,970.0
2017-10-20,979.5
2017-10-23,950.0
2017-10-24,940.0
2017-10-25,960.0
2017-10-26,947.0
2017-10-27,935.0
2017-10-30,955.0
2017-10-31,963.3333333333334
2017-11-01,971.6666666666666
2017-11-02,980.0
2017-11-03,967.0
2017-11-06,998.0
2017-11-07,975.0
2017-11-08,972.5
2017-11-09,980.0
2017-11-10,980.0
2017-11-13,953.0
2017-11-14,975.0
2017-11-15,964.0
2017-11-16,941.5
2017-11-17,965.5
2017-11-20,980.0
2017-11-21,973.0
2017-11-22,958.0
2017-11-23,972.5
2017-11-24,983.5
2017-11-27,970.0
2017-11-28,970.0
2017-11-29,970.0
2017-11-30,966.5
2017-12-01,963.0
2017-12-04,959.0
2017-12-05,960.0
2017-12-06,958.5
2017-12-07,978.0
2017-12-08,980.5
2017-12-11,997.0
2017-12-12,990.0
2017-12-13,975.0
2017-12-14,997.0
2017-12-15,974.5
2017-12-18,974.5
2017-12-19,975.0
2017-12-20,973.5
2017-12-21,971.5
2017-12-22,984.5
2017-12-25,986.1666666666666
2017-12-26,987.8333333333334
2017-12-27,989.5
2017-12-28,980.0
2017-12-29,990.0
2018-01-01,1006.6666666666666
2018-01-02,1023.3333333333334
2018-01-03,1040.0
2018-01-04,1050.0
2018-01-05,1020.0
2018-01-08,1025.0
2018-01-09,1046.0
2018-01-10,1046.0
2018-01-11,1024.0
2018-01-12,1029.0
2018-01-15,1040.0
2018-01-16,1049.0
2018-01-17,1048.0
2018-01-18,1042.0
2018-01-19,1060.0
2018-01-22,1070.0
2018-01-23,1095.0
2018-01-24,1088.0
2018-01-25,1100.0
2018-01-26,1140.0
2018-01-29,1123.0
2018-01-30,1090.0
2018-01-31,1025.0
2018-02-01,1024.0
2018-02-02,1030.0
2018-02-05,1005.0
2018-02-06,1000.0
2018-02-07,990.0
2018-02-08,980.0
2018-02-09,985.0
2018-02-12,980.0
2018-02-13,990.0
2018-02-14,993.0
2018-02-15,989.0
2018-02-16,987.0
2018-02-19,985.0
2018-02-20,999.0
2018-02-21,985.0
2018-02-22,950.0
2018-02-23,960.0
2018-02-26,955.0
2018-02-27,970.0
2018-02-28,940.0
2018-03-01,966.0
2018-03-02,970.0
2018-03-05,952.0
2018-03-06,949.0
2018-03-07,958.0
2018-03-08,958.0
2018-03-09,958.0
2018-03-12,964.0
2018-03-13,963.0
2018-03-14,949.5
2018-03-15,912.5
2018-03-16,937.0
2018-03-19,940.5
2018-03-20,949.0
2018-03-21,930.5
2018-03-22,980.0
2018-03-23,949.0
2018-03-26,940.0
2018-03-27,948.0
2018-03-28,917.0
2018-03-29,926.3333333333334
2018-03-30,935.6666666666666
2018-04-02,945.0
2018-04-03,975.0
2018-04-04,960.0
2018-04-05,974.0
2018-04-06,976.0
2018-04-09,979.5
2018-04-10,983.0
2018-04-11,985.0
2018-04-12,988.0
2018-04-13,940.0
2018-04-16,934.0
2018-04-17,918.0
2018-04-18,920.0
2018-04-19,900.0
2018-04-20,901.0
2018-04-23,906.0
2018-04-24,895.0
2018-04-25,882.5
2018-04-26,886.5
2018-04-27,910.0
2018-04-30,940.0
2018-05-01,943.75
2018-05-02,947.5
2018-05-03,900.0
2018-05-04,915.5
2018-05-07,905.0
2018-05-08,905.0
2018-05-09,920.0
2018-05-10,905.5
2018-05-11,918.0
2018-05-14,927.5
2018-05-15,937.0
2018-05-16,923.0
2018-05-17,905.0
2018-05-18,881.5
2018-05-21,884.0
2018-05-22,881.0
2018-05-23,850.0
2018-05-24,863.0
2018-05-25,867.0
2018-05-28,882.0
2018-05-29,859.5
2018-05-30,860.0
2018-05-31,868.0
2018-06-01,906.5
2018-06-04,879.0
2018-06-05,912.5
2018-06-06,905.0
2018-06-07,931.0
2018-06-08,917.5
2018-06-11,928.0
2018-06-12,914.0
2018-06-13,900.0
2018-06-14,902.5
2018-06-15,900.75
2018-06-18,899.0
2018-06-19,879.0
2018-06-20,875.0
2018-06-21,866.0
2018-06-22,868.0
2018-06-25,845.0
2018-06-26,837.0
2018-06-27,875.0
2018-06-28,851.5
2018-06-29,875.0
2018-07-02,900.0
2018-07-03,915.0
2018-07-04,925.0
2018-07-05,890.0
2018-07-06,879.0
2018-07-09,890.0
2018-07-10,880.0
2018-07-11,916.5
2018-07-12,909.0
2018-07-13,916.0
2018-07-16,901.0
2018-07-17,900.0
2018-07-18,910.0
2018-07-19,900.0
2018-07-20,890.0
2018-07-23,885.0
2018-07-24,912.0
2018-07-25,933.0
2018-07-26,969.0
2018-07-27,960.0
2018-07-30,965.0
2018-07-31,950.0
2018-08-01,990.0
2018-08-02,979.5
2018-08-03,986.0
2018-08-06,979.0
2018-08-07,958.5
2018-08-08,964.0
2018-08-09,960.0
2018-08-10,956.0
2018-08-13,933.0
2018-08-14,926.0
2018-08-15,928.0
2018-08-16,930.0
2018-08-17,927.5
2018-08-20,918.0
2018-08-21,927.25
2018-08-22,936.5
2018-08-23,939.0
2018-08-24,948.0
2018-08-27,959.0
2018-08-28,970.0
2018-08-29,963.5
2018-08-30,965.0
2018-08-31,966.0
2018-09-03,970.0
2018-09-04,971.0
2018-09-05,960.0
2018-09-06,959.0
2018-09-07,938.0
2018-09-10,950.0
2018-09-11,950.0
2018-09-12,942.0
2018-09-13,948.0
2018-09-14,935.0
2018-09-17,922.0
2018-09-18,891.0
2018-09-19,890.0
2018-09-20,862.0
2018-09-21,892.0
2018-09-24,890.0
2018-09-25,866.0
2018-09-26,873.5
2018-09-27,899.0
2018-09-28,904.0
2018-10-01,880.0
2018-10-02,875.0
2018-10-03,875.0
2018-10-04,875.0
2018-10-05,870.0
2018-10-08,866.0
2018-10-09,880.0
2018-10-10,879.0
2018-10-11,850.5
2018-10-12,871.5
2018-10-15,850.0
2018-10-16,850.0
2018-10-17,850.0
2018-10-18,868.0
2018-10-19,865.0
2018-10-22,878.0
2018-10-23,888.0
2018-10-24,883.5
2018-10-25,860.0
2018-10-26,895.0
2018-10-29,900.0
2018-10-30,884.0
2018-10-31,900.0
2018-11-01,903.3333333333334
2018-11-02,906.6666666666666
2018-11-05,910.0
2018-11-06,920.0
2018-11-07,880.0
2018-11-08,884.0
2018-11-09,888.0
2018-11-12,889.5
2018-11-13,878.0
2018-11-14,898.5
2018-11-15,880.0
2018-11-16,890.0
2018-11-19,928.0
2018-11-20,940.0
2018-11-21,920.0
2018-11-22,914.5
2018-11-23,914.0
2018-11-26,915.0
2018-11-27,915.0
2018-11-28,915.0
2018-11-29,908.5
2018-11-30,928.25
2018-12-03,948.0
2018-12-04,980.0
2018-12-05,960.0
2018-12-06,950.0
2018-12-07,940.0
2018-12-10,900.0
2018-12-11,920.5
2018-12-12,945.0
2018-12-13,955.0
2018-12-14,952.5
2018-12-17,940.0
2018-12-18,920.0
2018-12-19,950.0
2018-12-20,930.0
2018-12-21,910.0
2018-12-24,910.3333333333334
2018-12-25,910.6666666666666
2018-12-26,911.0
2018-12-27,929.0
2018-12-28,917.5
2018-12-31,916.8333333333334
2019-01-01,916.1666666666666
2019-01-02,915.5
2019-01-03,958.0
2019-01-04,946.0
2019-01-07,940.0
2019-01-08,938.0
2019-01-09,995.0
2019-01-10,985.0
2019-01-11,985.0
2019-01-14,992.0
2019-01-15,980.0
2019-01-16,960.0
2019-01-17,953.0
2019-01-18,976.0
2019-01-21,970.0
2019-01-22,976.0
2019-01-23,976.0
2019-01-24,990.0
2019-01-25,989.0
2019-01-28,970.0
2019-01-29,971.0
2019-01-30,975.0
2019-01-31,990.0
2019-02-01,1015.0
2019-02-04,997.0
2019-02-05,988.5
2019-02-06,980.0
2019-02-07,1000.0
2019-02-08,1010.0
2019-02-11,1000.0
2019-02-12,986.0
2019-02-13,983.0
2019-02-14,990.0
2019-02-15,970.0
2019-02-18,970.0
2019-02-19,970.0
2019-02-20,980.0
2019-02-21,972.0
2019-02-22,980.0
2019-02-25,982.5
2019-02-26,985.0
2019-02-27,966.0
2019-02-28,940.0
2019-03-01,940.0
2019-03-04,940.0
2019-03-05,941.5
2019-03-06,969.0
2019-03-07,969.0
2019-03-08,940.0
2019-03-11,925.0
2019-03-12,946.0
2019-03-13,931.0
2019-03-14,925.0
2019-03-15,934.0
2019-03-18,949.5
2019-03-19,951.5
2019-03-20,950.0
2019-03-21,966.0
2019-03-22,970.5
2019-03-25,934.0
2019-03-26,945.0
2019-03-27,945.0
2019-03-28,945.0
2019-03-29,934.0
2019-04-01,925.0
2019-04-02,941.0
2019-04-03,945.0
2019-04-04,945.0
2019-04-05,944.0
2019-04-08,953.0
2019-04-09,960.0
2019-04-10,967.0
2019-04-11,958.0
2019-04-12,943.0
2019-04-15,922.5
2019-04-16,940.0
2019-04-17,930.0
2019-04-18,933.3333333333334
2019-04-19,936.6666666666666
2019-04-22,940.0
2019-04-23,930.0
2019-04-24,950.0
2019-04-25,950.0
2019-04-26,931.0
2019-04-29,935.0
2019-04-30,950.0
2019-05-01,960.0
2019-05-02,970.0
2019-05-03,960.0
2019-05-06,940.0
2019-05-07,949.0
2019-05-08,966.0
2019-05-09,940.0
2019-05-10,925.0
2019-05-13,913.5
2019-05-14,902.0
2019-05-15,890.0
2019-05-16,885.0
2019-05-17,888.0
2019-05-20,884.5
2019-05-21,902.0
2019-05-22,916.5
2019-05-23,922.5
2019-05-24,920.5
2019-05-27,915.0
2019-05-28,925.5
2019-05-29,935.5
2019-05-30,929.0
2019-05-31,942.0
2019-06-03,960.5
2019-06-04,957.0
2019-06-05,961.0
2019-06-06,965.0
2019-06-07,963.0
2019-06-10,971.0
2019-06-11,955.0
2019-06-12,957.5
2019-06-13,960.0
2019-06-14,940.0
2019-06-17,945.0
2019-06-18,947.5
2019-06-19,975.0
2019-06-20,969.5
2019-06-21,966.0
2019-06-24,964.0
2019-06-25,960.0
2019-06-26,950.0
2019-06-27,975.0
2019-06-28,969.0
2019-07-01,981.5
2019-07-02,996.0
2019-07-03,994.0
2019-07-04,976.5
2019-07-05,983.0
2019-07-08,960.0
2019-07-09,950.0
2019-07-10,980.0
2019-07-11,980.0
2019-07-12,960.0
2019-07-15,1007.0
2019-07-16,990.0
2019-07-17,982.0
2019-07-18,985.0
2019-07-19,990.0
2019-07-22,983.5
2019-07-23,1000.0
2019-07-24,990.0
2019-07-25,1015.0
2019-07-26,1010.0
2019-07-29,1020.0
2019-07-30,1013.0
2019-07-31,999.5
2019-08-01,1000.0
2019-08-02,1000.0
2019-08-05,968.0
2019-08-06,960.0
2019-08-07,990.0
2019-08-08,981.0
2019-08-09,986.0
2019-08-12,986.5
2019-08-13,987.0
2019-08-14,1004.0
2019-08-15,1020.0
2019-08-16,1027.0
2019-08-19,1020.0
2019-08-20,1010.0
2019-08-21,1005.0
2019-08-22,1000.0
2019-08-23,1004.0
2019-08-26,996.0
2019-08-27,988.0
2019-08-28,1007.0
2019-08-29,1020.0
2019-08-30,1026.0
2019-09-02,1019.0
2019-09-03,994.0
2019-09-04,1032.0
2019-09-05,1031.0
2019-09-06,1048.0
2019-09-09,1030.0
2019-09-10,1015.0
2019-09-11,1025.0
2019-09-12,1014.0
2019-09-13,1017.0
2019-09-16,1015.0
2019-09-17,1000.0
2019-09-18,1020.0
2019-09-19,1005.0
2019-09-20,1000.0
2019-09-23,1010.0
2019-09-24,1010.0
2019-09-25,1015.0
2019-09-26,1007.0
2019-09-27,1000.0
2019-09-30,971.0
2019-10-01,987.0
2019-10-02,983.0
2019-10-03,973.0
2019-10-04,990.0
2019-10-07,975.0
2019-10-08,1007.0
2019-10-09,987.5
2019-10-10,1000.0
2019-10-11,1010.0
2019-10-14,1010.0
2019-10-15,995.0
2019-10-16,1004.0
2019-10-17,1006.0
2019-10-18,1003.0
2019-10-21,1005.0
2019-10-22,1014.0
2019-10-23,1014.0
2019-10-24,1030.0
2019-10-25,1027.0
2019-10-28,1024.0
2019-10-29,1027.0
2019-10-30,1027.0
2019-10-31,1030.0
2019-11-01,1027.5
2019-11-04,1025.0
2019-11-05,1091.0
2019-11-06,1057.0
2019-11-07,1070.0
2019-11-08,1070.0
2019-11-11,1068.0
2019-11-12,1068.0
2019-11-13,1059.0
2019-11-14,1070.0
2019-11-15,1060.0
2019-11-18,1068.0
2019-11-19,1069.0
2019-11-20,1070.0
2019-11-21,1070.0
2019-11-22,1066.0
2019-11-25,1075.0
2019-11-26,1091.0
2019-11-27,1089.0
2019-11-28,1070.0
2019-11-29,1060.0
2019-12-02,1080.0
2019-12-03,1069.0
2019-12-04,1062.0
2019-12-05,1070.0
2019-12-06,1078.0
2019-12-09,1060.0
2019-12-10,1051.0
2019-12-11,1068.0
2019-12-12,1059.0
2019-12-13,1069.0
2019-12-16,1055.0
2019-12-17,1050.0
2019-12-18,1055.0
2019-12-19,1035.0
2019-12-20,1065.0
2019-12-23,1078.0
2019-12-24,1070.6666666666667
2019-12-25,1063.3333333333333
2019-12-26,1056.0
2019-12-27,1043.0
2019-12-30,1042.0
2019-12-31,1041.0
2020-01-01,1040.0
2020-01-02,1039.0
2020-01-03,1051.0
2020-01-06,1040.0
2020-01-07,1067.0
2020-01-08,1055.0
2020-01-09,1072.0
2020-01-10,1079.0
2020-01-13,1079.0
2020-01-14,1077.0
2020-01-15,1060.0
2020-01-16,1050.0
2020-01-17,1055.0
2020-01-20,1030.0
2020-01-21,1026.0
2020-01-22,1025.0
2020-01-23,1050.0
2020-01-24,1032.0
2020-01-27,1025.0
2020-01-28,1015.0
2020-01-29,1013.0
2020-01-30,995.0
2020-01-31,971.0
2020-02-03,974.5
2020-02-04,983.5
2020-02-05,1000.0
2020-02-06,1000.0
2020-02-07,1000.0
2020-02-10,1000.0
2020-02-11,1000.0
2020-02-12,1002.0
2020-02-13,1010.0
2020-02-14,992.0
2020-02-17,1015.0
2020-02-18,1012.0
2020-02-19,1038.0
2020-02-20,1032.0
2020-02-21,1038.0
2020-02-24,1010.0
2020-02-25,997.5
2020-02-26,985.0
2020-02-27,987.0
2020-02-28,974.5
2020-03-02,960.0
2020-03-03,961.0
2020-03-04,945.0
2020-03-05,950.0
2020-03-06,943.0
2020-03-09,902.5
2020-03-10,900.0
2020-03-11,900.0
2020-03-12,790.0
2020-03-13,831.5
2020-03-16,735.0
2020-03-17,735.0
2020-03-18,701.0
2020-03-19,667.0
2020-03-20,721.5
2020-03-23,746.0
2020-03-24,747.5
2020-03-25,800.0
2020-03-26,845.0
2020-03-27,805.0
2020-03-30,770.0
2020-03-31,818.0
2020-04-01,826.0
2020-04-02,820.0
2020-04-03,825.0
2020-04-06,850.0
2020-04-07,878.0
2020-04-08,870.0
2020-04-09,870.0
2020-04-10,870.0
2020-04-13,870.0
2020-04-14,868.0
2020-04-15,862.0
2020-04-16,820.0
2020-04-17,860.0
2020-04-20,845.0
2020-04-21,839.0
2020-04-22,818.0
2020-04-23,845.0
2020-04-24,814.0
2020-04-27,780.0
2020-04-28,819.0
2020-04-29,831.0
2020-04-30,845.0
2020-05-01,833.5
2020-05-04,822.0
2020-05-05,830.0
2020-05-06,832.0
2020-05-07,826.5
2020-05-08,804.0
2020-05-11,808.0
2020-05-12,817.0
2020-05-13,826.0
2020-05-14,810.0
2020-05-15,801.5
2020-05-18,803.0
2020-05-19,810.0
2020-05-20,820.0
2020-05-21,835.0
2020-05-22,828.0
2020-05-25,833.0
2020-05-26,838.0
2020-05-27,837.0
2020-05-28,836.0
2020-05-29,915.0
2020-06-01,920.0
2020-06-02,946.0
2020-06-03,945.0
2020-06-04,997.0
2020-06-05,967.5
2020-06-08,950.0
2020-06-09,950.0
2020-06-10,935.0
2020-06-11,951.0
2020-06-12,933.0
2020-06-15,915.0
2020-06-16,940.0
2020-06-17,956.0
2020-06-18,963.0
2020-06-19,949.0
2020-06-22,960.0
2020-06-23,935.0
2020-06-24,937.0
2020-06-25,930.0
2020-06-26,938.5
2020-06-29,915.0
2020-06-30,939.0
2020-07-01,920.0
2020-07-02,950.0
2020-07-03,950.0
2020-07-06,940.0
2020-07-07,949.0
2020-07-08,975.5
2020-07-09,945.0
2020-07-10,940.0
2020-07-13,940.0
2020-07-14,935.0
2020-07-15,911.0
2020-07-16,933.0
2020-07-17,920.0
2020-07-20,940.0
2020-07-21,925.0
2020-07-22,915.0
2020-07-23,900.0
2020-07-24,900.5
2020-07-27,884.0
2020-07-28,900.0
2020-07-29,900.0
2020-07-30,890.0
2020-07-31,875.0
2020-08-03,860.0
2020-08-04,865.0
2020-08-05,870.0
2020-08-06,878.0
2020-08-07,850.5
2020-08-10,862.0
2020-08-11,858.0
2020-08-12,870.0
2020-08-13,897.0
2020-08-14,900.0
2020-08-17,880.0
2020-08-18,910.0
2020-08-19,900.0
2020-08-20,900.0
2020-08-21,891.5
2020-08-24,883.0
2020-08-25,881.0
2020-08-26,887.0
2020-08-27,873.0
2020-08-28,850.0
2020-08-31,843.5
2020-09-01,837.0
2020-09-02,840.5
2020-09-03,836.5
2020-09-04,846.0
2020-09-07,894.0
2020-09-08,908.0
2020-09-09,887.0
2020-09-10,880.0
2020-09-11,905.0
2020-09-14,915.0
2020-09-15,937.0
2020-09-16,910.0
2020-09-17,905.0
2020-09-18,872.0
2020-09-21,879.5
2020-09-22,887.0
2020-09-23,885.0
2020-09-24,872.0
2020-09-25,869.0
2020-09-28,895.0
2020-09-29,880.0
2020-09-30,880.0
2020-10-01,890.0
2020-10-02,886.0
2020-10-05,875.0
2020-10-06,871.5
2020-10-07,865.0
2020-10-08,888.0
2020-10-09,899.5
2020-10-12,900.0
2020-10-13,884.0
2020-10-14,864.0
2020-10-15,874.0
2020-10-16,864.0
2020-10-19,894.0
2020-10-20,910.0
2020-10-21,921.0
2020-10-22,945.0
2020-10-23,970.0
2020-10-26,981.0
2020-10-27,969.0
2020-10-28,965.0
2020-10-29,950.0
2020-10-30,950.0
2020-11-02,962.25
2020-11-03,974.5
2020-11-04,996.0
2020-11-05,1010.0
2020-11-06,1010.0
2020-11-09,990.0
2020-11-10,1100.0
2020-11-11,1049.0
2020-11-12,1039.5
2020-11-13,1030.0
2020-11-16,1015.0
2020-11-17,1002.0
2020-11-18,1029.0
2020-11-19,1005.0
2020-11-20,1050.0
2020-11-23,1055.0
2020-11-24,1030.0
2020-11-25,1021.0
2020-11-26,1025.0
2020-11-27,970.0
2020-11-30,994.5
2020-12-01,1019.0
2020-12-02,1030.0
2020-12-03,1047.0
2020-12-04,1026.0
2020-12-07,1050.0
2020-12-08,1044.5
2020-12-09,1039.0
2020-12-10,1050.0
2020-12-11,1068.0
2020-12-14,1065.0
2020-12-15,1050.0
2020-12-16,1075.0
2020-12-17,1094.0
2020-12-18,1065.0
2020-12-21,1065.0
2020-12-22,1075.0
2020-12-23,1077.0
2020-12-24,1068.0
2020-12-25,1059.0
2020-12-28,1050.0
2020-12-29,1049.0
2020-12-30,1051.75
2020-12-31,1054.5
2021-01-01,1057.25
2021-01-04,1060.0
2021-01-05,1050.0
2021-01-06,1040.0
2021-01-07,1034.0
2021-01-08,1050.0
2021-01-11,1050.0
2021-01-12,1068.0
2021-01-13,1079.0
2021-01-14,1077.0
2021-01-15,1051.0
2021-01-18,1050.0
2021-01-19,1072.0
2021-01-20,1067.0
2021-01-21,1067.0
2021-01-22,1035.0
2021-01-25,1038.0
2021-01-26,1020.0
2021-01-27,1029.0
2021-01-28,1026.0
2021-01-29,985.0
2021-02-01,1005.0
2021-02-02,1006.0
2021-02-03,1010.0
2021-02-04,1033.0
2021-02-05,1039.0
2021-02-08,1020.0
2021-02-09,1056.0
2021-02-10,1078.0
2021-02-11,1068.0
2021-02-12,1064.0
2021-02-15,1060.0
2021-02-16,1070.0
2021-02-17,1060.0
2021-02-18,1036.0
2021-02-19,1065.0
2021-02-22,1034.0
2021-02-23,1060.0
2021-02-24,1038.0
2021-02-25,1023.5
2021-02-26,1009.0
2021-03-01,1025.0
2021-03-02,1046.0
2021-03-03,1057.0
2021-03-04,1040.0
2021-03-05,1041.0
2021-03-08,1039.0
2021-03-09,1040.0
2021-03-10,1057.0
2021-03-11,1030.0
2021-03-12,1034.0
2021-03-15,1018.0
2021-03-16,1003.0
2021-03-17,1005.0
2021-03-18,987.0
2021-03-19,958.5
2021-03-22,961.0
2021-03-23,963.0
2021-03-24,970.0
2021-03-25,984.0
2021-03-26,980.0
2021-03-29,970.0
2021-03-30,970.0
2021-03-31,960.0
2021-04-01,968.0
2021-04-02,976.0
2021-04-05,984.0
2021-04-06,992.0
2021-04-07,998.0
2021-04-08,965.0
2021-04-09,968.5
2021-04-12,972.0
2021-04-13,970.0
2021-04-14,980.0
2021-04-15,980.0
2021-04-16,978.0
2021-04-19,975.0
2021-04-20,977.0
2021-04-21,968.0
2021-04-22,970.0
2021-04-23,952.0
2021-04-26,958.0
2021-04-27,959.0
2021-04-28,990.0
2021-04-29,968.0
2021-04-30,961.0
2021-05-03,960.0
2021-05-04,960.0
2021-05-05,951.0
2021-05-06,921.0
2021-05-07,920.0
2021-05-10,939.0
2021-05-11,940.0
2021-05-12,923.5
2021-05-13,943.5
2021-05-14,963.5
2021-05-17,930.0
2021-05-18,927.0
2021-05-19,924.0
2021-05-20,900.0
2021-05-21,910.0
2021-05-24,906.5
2021-05-25,912.5
2021-05-26,930.0
2021-05-27,1004.0
2021-05-28,980.0
2021-05-31,970.0
2021-06-01,960.5
2021-06-02,1000.0
2021-06-03,998.0
2021-06-04,1000.0
2021-06-07,990.0
2021-06-08,1002.0
2021-06-09,1000.0
2021-06-10,1009.0
2021-06-11,1019.0
2021-06-14,1000.0
2021-06-15,1015.0
2021-06-16,1000.0
2021-06-17,999.0
2021-06-18,1000.0
2021-06-21,984.0
2021-06-22,1000.0
2021-06-23,1000.0
2021-06-24,986.0
2021-06-25,995.0
2021-06-28,1005.0
2021-06-29,1015.0
2021-06-30,999.5
2021-07-01,1016.0
2021-07-02,1018.0
2021-07-05,1020.0
2021-07-06,1014.0
2021-07-07,1012.0
2021-07-08,1010.0
2021-07-09,1000.0
2021-07-12,1019.0
2021-07-13,990.0
2021-07-14,1010.0
2021-07-15,990.0
2021-07-16,956.0
2021-07-19,951.0
2021-07-20,945.5
2021-07-21,940.0
2021-07-22,960.0
2021-07-23,966.0
2021-07-26,945.0
2021-07-27,956.0
2021-07-28,954.0
2021-07-29,956.0
2021-07-30,910.5
2021-08-02,945.0
2021-08-03,964.5
2021-08-04,964.0
2021-08-05,963.0
2021-08-06,963.0
2021-08-09,989.0
2021-08-10,989.0
2021-08-11,1008.0
2021-08-12,979.0
2021-08-13,912.0
2021-08-16,964.0
2021-08-17,960.0
2021-08-18,1000.0
2021-08-19,999.0
2021-08-20,977.0
2021-08-23,965.0
2021-08-24,987.0
2021-08-25,1010.0
2021-08-26,982.0
2021-08-27,975.0
2021-08-30,992.0
2021-08-31,1009.0
2021-09-01,985.0
2021-09-02,981.0
2021-09-03,1020.0
2021-09-06,998.0
2021-09-07,1015.0
2021-09-08,1025.0
2021-09-09,1008.0
2021-09-10,1015.0
2021-09-13,1009.0
2021-09-14,988.0
2021-09-15,1015.0
2021-09-16,1005.0
2021-09-17,994.0
2021-09-20,986.0
2021-09-21,983.0
2021-09-22,975.0
2021-09-23,976.0
2021-09-24,965.0
2021-09-27,960.0
2021-09-28,977.0
2021-09-29,987.0
2021-09-30,990.0
2021-10-01,975.0
2021-10-04,990.0
2021-10-05,1000.0
2021-10-06,1000.0
2021-10-07,980.0
2021-10-08,966.0
2021-10-11,1005.0
2021-10-12,999.0
2021-10-13,975.0
2021-10-14,1000.0
2021-10-15,991.0
2021-10-18,970.0
2021-10-19,1008.0
2021-10-20,1025.0
2021-10-21,1038.0
2021-10-22,1034.0
2021-10-25,1021.0
2021-10-26,1028.0
2021-10-27,990.0
2021-10-28,992.0
2021-10-29,965.0
2021-11-01,985.0
2021-11-02,1005.0
2021-11-03,998.0
2021-11-04,990.0
2021-11-05,998.0
2021-11-08,974.5
2021-11-09,984.0
2021-11-10,975.0
2021-11-11,979.0
2021-11-12,990.0
2021-11-15,990.0
2021-11-16,998.0
2021-11-17,975.0
2021-11-18,975.0
2021-11-19,975.0
2021-11-22,975.0
2021-11-23,985.0
2021-11-24,988.0
2021-11-25,978.0
2021-11-26,979.5
2021-11-29,980.0
2021-11-30,956.0
2021-12-01,932.0
2021-12-02,947.5
2021-12-03,939.0
2021-12-06,935.0
2021-12-07,959.5
2021-12-08,954.75
2021-12-09,950.0
2021-12-10,940.0
2021-12-13,944.5
2021-12-14,968.0
2021-12-15,950.0
2021-12-16,979.0
2021-12-17,999.0
2021-12-20,980.0
2021-12-21,971.0
2021-12-22,943.0
2021-12-23,979.0
2021-12-24,961.5
2021-12-27,975.0
2021-12-28,987.0
2021-12-29,971.0
2021-12-30,957.0
2021-12-31,943.0
2022-01-03,932.0
2022-01-04,930.75
2022-01-05,929.5
2022-01-06,947.0
2022-01-07,937.0
2022-01-10,940.0
2022-01-11,930.0
2022-01-12,950.0
2022-01-13,950.0
2022-01-14,947.0
2022-01-17,950.0
2022-01-18,968.0
2022-01-19,959.0
2022-01-20,958.0
2022-01-21,959.0
2022-01-24,950.0
2022-01-25,950.0
2022-01-26,950.0
2022-01-27,951.0
2022-01-28,939.0
2022-01-31,949.0
2022-02-01,957.0
2022-02-02,965.0
2022-02-03,949.0
2022-02-04,976.5
2022-02-07,950.0
2022-02-08,976.0
2022-02-09,962.5
2022-02-10,940.0
2022-02-11,911.0
2022-02-14,940.0
2022-02-15,940.0
2022-02-16,937.0
2022-02-17,927.0
2022-02-18,921.0
2022-02-21,860.0
2022-02-22,895.0
2022-02-23,880.0
2022-02-24,871.0
2022-02-25,881.5
2022-02-28,892.0
2022-03-01,947.0
2022-03-02,930.0
2022-03-03,957.0
2022-03-04,932.0
2022-03-07,929.0
2022-03-08,890.0
2022-03-09,871.0
2022-03-10,908.0
2022-03-11,909.0
2022-03-14,880.0
2022-03-15,911.0
2022-03-16,900.0
2022-03-17,906.0
2022-03-18,902.5
2022-03-21,880.0
2022-03-22,882.0
2022-03-23,867.0
2022-03-24,885.0
2022-03-25,897.0
2022-03-28,900.0
2022-03-29,896.0
2022-03-30,898.0
2022-03-31,909.0
2022-04-01,898.0
2022-04-04,890.0
2022-04-05,889.0
2022-04-06,882.0
2022-04-07,870.0
2022-04-08,865.0
2022-04-11,865.0
2022-04-12,865.0
2022-04-13,872.5
2022-04-14,870.0
2022-04-15,867.5
2022-04-18,865.0
2022-04-19,871.5
2022-04-20,877.0
2022-04-21,865.0
2022-04-22,869.0
2022-04-25,885.0
2022-04-26,860.0
2022-04-27,851.0
2022-04-28,860.0
2022-04-29,851.5
2022-05-02,849.0
2022-05-03,849.0
2022-05-04,849.0
2022-05-05,861.0
2022-05-06,845.5
2022-05-09,845.25
2022-05-10,845.0
2022-05-11,825.0
2022-05-12,828.0
2022-05-13,789.0
2022-05-16,808.0
2022-05-17,832.0
2022-05-18,870.0
2022-05-19,839.0
2022-05-20,845.0
2022-05-23,848.0
2022-05-24,830.0
2022-05-25,847.0
2022-05-26,835.0
2022-05-27,838.5
2022-05-30,862.0
2022-05-31,858.0
2022-06-01,850.0
2022-06-02,856.0
2022-06-03,865.0
2022-06-06,861.0
2022-06-07,864.0
2022-06-08,852.0
2022-06-09,862.0
2022-06-10,820.0
2022-06-13,806.0
2022-06-14,830.0
2022-06-15,795.0
2022-06-16,809.5
2022-06-17,785.0
2022-06-20,790.0
2022-06-21,774.0
2022-06-22,763.0
2022-06-23,769.5
2022-06-24,801.5
2022-06-27,799.5
2022-06-28,829.0
2022-06-29,820.0
2022-06-30,782.0
2022-07-01,770.0
2022-07-04,800.0
2022-07-05,792.0
2022-07-06,839.0
2022-07-07,844.0
2022-07-08,839.0
2022-07-11,838.0
2022-07-12,813.0
2022-07-13,797.0
2022-07-14,775.5
2022-07-15,775.0
2022-07-18,781.0
2022-07-19,796.0
2022-07-20,788.0
2022-07-21,774.0
2022-07-22,788.0
2022-07-25,789.0
2022-07-26,790.0
2022-07-27,780.0
2022-07-28,800.0
2022-07-29,775.5
2022-08-01,780.0
2022-08-02,769.0
2022-08-03,795.0
2022-08-04,792.0
2022-08-05,780.0
2022-08-08,778.0
2022-08-09,805.0
2022-08-10,809.0
2022-08-11,845.0
2022-08-12,843.0
2022-08-15,860.0
2022-08-16,880.0
2022-08-17,882.0
2022-08-18,880.0
2022-08-19,883.0
2022-08-22,850.0
2022-08-23,842.0
2022-08-24,851.0
2022-08-25,880.0
2022-08-26,879.0
2022-08-29,877.25
2022-08-30,875.5
2022-08-31,831.0
2022-09-01,840.0
2022-09-02,860.0
2022-09-05,870.0
2022-09-06,877.0
2022-09-07,841.0
2022-09-08,840.0
2022-09-09,865.0
2022-09-12,885.0
2022-09-13,884.5
2022-09-14,859.5
2022-09-15,850.0
2022-09-16,871.0
2022-09-19,835.0
2022-09-20,828.0
2022-09-21,818.5
2022-09-22,819.5
2022-09-23,808.0
2022-09-26,808.0
2022-09-27,763.0
2022-09-28,733.0
2022-09-29,760.0
2022-09-30,725.0
2022-10-03,760.0
2022-10-04,794.0
2022-10-05,785.0
2022-10-06,760.0
2022-10-07,760.0
2022-10-10,760.0
2022-10-11,759.0
2022-10-12,764.0
2022-10-13,788.5
2022-10-14,762.0
2022-10-17,799.0
2022-10-18,786.0
2022-10-19,799.0
2022-10-20,777.0
2022-10-21,770.0
2022-10-24,765.0
2022-10-25,780.0
2022-10-26,799.5
2022-10-27,830.0
2022-10-28,820.0
2022-10-31,827.6666666666666
2022-11-01,835.3333333333334
2022-11-02,843.0
2022-11-03,820.0
2022-11-04,835.0
2022-11-07,835.0
2022-11-08,833.0
2022-11-09,831.0
2022-11-10,787.0
2022-11-11,825.0
2022-11-14,842.0
2022-11-15,870.0
2022-11-16,870.0
2022-11-17,867.0
2022-11-18,859.0
2022-11-21,836.0
2022-11-22,869.0
2022-11-23,895.0
2022-11-24,894.0
2022-11-25,910.0
2022-11-28,927.0
2022-11-29,939.0
2022-11-30,959.5
2022-12-01,980.0
2022-12-02,901.5
2022-12-05,894.0
2022-12-06,943.0
2022-12-07,910.0
2022-12-08,920.0
2022-12-09,930.0
2022-12-12,936.0
2022-12-13,916.0
2022-12-14,928.0
2022-12-15,930.0
2022-12-16,929.0
2022-12-19,908.5
2022-12-20,905.0
2022-12-21,909.0
2022-12-22,926.0
2022-12-23,914.0
2022-12-26,922.0
2022-12-27,930.0
2022-12-28,910.0
2022-12-29,900.0
2022-12-30,900.0
2023-01-02,900.0
2023-01-03,900.0
2023-01-04,921.0
2023-01-05,915.0
2023-01-06,900.0
2023-01-09,900.0
2023-01-10,903.5
2023-01-11,900.0
2023-01-12,904.0
2023-01-13,908.0
2023-01-16,947.0
2023-01-17,933.0
2023-01-18,934.0
2023-01-19,930.5
2023-01-20,950.0
2023-01-23,950.0
2023-01-24,945.0
2023-01-25,945.0
2023-01-26,942.0
2023-01-27,944.0
2023-01-30,930.0
2023-01-31,920.0
2023-02-01,946.0
2023-02-02,930.0
2023-02-03,919.0
2023-02-06,910.0
2023-02-07,915.0
2023-02-08,909.0
2023-02-09,895.0
2023-02-10,900.0
2023-02-13,895.0
2023-02-14,885.0
2023-02-15,891.0
2023-02-16,888.0
2023-02-17,875.0
2023-02-20,872.0
2023-02-21,897.5
2023-02-22,890.0
2023-02-23,900.0
2023-02-24,900.0
2023-02-27,894.5
2023-02-28,852.0
2023-03-01,889.0
2023-03-02,890.5
2023-03-03,896.0
2023-03-06,886.0
2023-03-07,880.0
2023-03-08,889.0
2023-03-09,871.0
2023-03-10,875.0
2023-03-13,875.0
2023-03-14,860.0
2023-03-15,874.0
2023-03-16,874.0
2023-03-17,897.0
2023-03-20,883.5
2023-03-21,900.0
2023-03-22,900.0
2023-03-23,900.0
2023-03-24,905.0
2023-03-27,918.0
2023-03-28,915.5
2023-03-29,909.0
2023-03-30,902.5
2023-03-31,889.0
2023-04-03,885.0
2023-04-04,870.0
2023-04-05,896.0
2023-04-06,896.75
2023-04-07,897.5
2023-04-10,898.25
2023-04-11,899.0
2023-04-12,890.0
2023-04-13,884.0
2023-04-14,904.0
2023-04-17,900.0
2023-04-18,900.0
2023-04-19,900.0
2023-04-20,900.0
2023-04-21,900.0
2023-04-24,900.0
2023-04-25,900.0
2023-04-26,898.0
2023-04-27,888.0
2023-04-28,895.0
2023-05-01,907.5
2023-05-02,920.0
2023-05-03,907.0
2023-05-04,913.5
2023-05-05,925.0
2023-05-08,920.0
2023-05-09,935.0
2023-05-10,943.0
2023-05-11,941.0
2023-05-12,927.0
2023-05-15,924.5
2023-05-16,930.5
2023-05-17,940.0
2023-05-18,927.0
2023-05-19,929.0
2023-05-22,924.0
2023-05-23,920.0
2023-05-24,929.0
2023-05-25,916.0
2023-05-26,920.0
2023-05-29,920.0
2023-05-30,910.5
2023-05-31,929.0
2023-06-01,910.0
2023-06-02,920.0
2023-06-05,928.0
2023-06-06,905.0
2023-06-07,925.0
2023-06-08,924.0
2023-06-09,910.0
2023-06-12,918.0
2023-06-13,926.0
2023-06-14,910.0
2023-06-15,922.0
2023-06-16,924.0
2023-06-19,908.0
2023-06-20,915.0
2023-06-21,924.0
2023-06-22,910.0
2023-06-23,909.5
2023-06-26,929.0
2023-06-27,919.0
2023-06-28,917.5
2023-06-29,916.0
2023-06-30,925.0
2023-07-03,932.0
2023-07-04,938.0
2023-07-05,932.0
2023-07-06,932.0
2023-07-07,910.5
2023-07-10,908.0
2023-07-11,910.5
2023-07-12,910.5
2023-07-13,931.0
2023-07-14,946.5
2023-07-17,925.0
2023-07-18,929.0
2023-07-19,921.0
2023-07-20,940.0
2023-07-21,940.0
2023-07-24,923.0
2023-07-25,924.0
2023-07-26,937.5
2023-07-27,922.0
2023-07-28,918.0
2023-07-31,912.0
2023-08-01,915.0
2023-08-02,904.5
2023-08-03,912.0
2023-08-04,908.5
2023-08-07,901.5
2023-08-08,895.0
2023-08-09,900.0
2023-08-10,887.0
2023-08-11,882.5
2023-08-14,867.0
2023-08-15,860.0
2023-08-16,886.0
2023-08-17,860.5
2023-08-18,860.0
2023-08-21,844.75
2023-08-22,829.5
2023-08-23,829.0
2023-08-24,835.0
2023-08-25,825.0
2023-08-28,818.75
2023-08-29,812.5
2023-08-30,844.0
2023-08-31,833.0
2023-09-01,820.0
2023-09-04,820.0
2023-09-05,840.0
2023-09-06,856.0
2023-09-07,824.0
2023-09-08,824.0
2023-09-11,825.0
2023-09-12,820.0
2023-09-13,801.0
2023-09-14,812.0
2023-09-15,803.0
2023-09-18,810.0
2023-09-19,801.0
2023-09-20,789.5
2023-09-21,793.5
2023-09-22,804.0
2023-09-25,827.5
2023-09-26,838.0
2023-09-27,850.0
2023-09-28,846.5
2023-09-29,843.5
2023-10-02,841.0
2023-10-03,827.0
2023-10-04,826.5
2023-10-05,814.0
2023-10-06,833.0
2023-10-09,830.0
2023-10-10,821.0
2023-10-11,828.0
2023-10-12,830.0
2023-10-13,825.0
2023-10-16,802.0
2023-10-17,817.0
2023-10-18,812.5
2023-10-19,820.0
2023-10-20,817.0
2023-10-23,811.0
2023-10-24,811.0
2023-10-25,817.5
2023-10-26,814.0
2023-10-27,805.5
2023-10-30,803.25
2023-10-31,801.0
2023-11-01,802.3333333333334
2023-11-02,803.6666666666666
2023-11-03,805.0
2023-11-06,833.5
2023-11-07,829.0
2023-11-08,819.0
2023-11-09,817.0
2023-11-10,821.0
2023-11-13,819.0
2023-11-14,825.0
2023-11-15,839.0
2023-11-16,842.5
2023-11-17,855.0
2023-11-20,829.0
2023-11-21,827.0
2023-11-22,830.0
2023-11-23,830.0
2023-11-24,834.0
2023-11-27,839.5
2023-11-28,845.0
2023-11-29,848.0
2023-11-30,819.0
2023-12-01,825.0
2023-12-04,825.0
2023-12-05,823.5
2023-12-06,828.0
2023-12-07,826.0
2023-12-08,830.5
2023-12-11,835.0
2023-12-12,839.0
2023-12-13,832.0
2023-12-14,875.0
2023-12-15,906.0
2023-12-18,912.5
2023-12-19,903.5
2023-12-20,904.5
2023-12-21,903.0
2023-12-22,904.5
2023-12-25,899.3333333333334
2023-12-26,894.1666666666666
2023-12-27,889.0
2023-12-28,894.0
2023-12-29,872.0
2024-01-01,877.0
2024-01-02,882.0
2024-01-03,879.0
2024-01-04,880.0
2024-01-05,896.0
2024-01-08,890.0
2024-01-09,900.0
2024-01-10,884.0
2024-01-11,890.0
2024-01-12,902.0
2024-01-15,905.0
2024-01-16,890.0
2024-01-17,875.0
2024-01-18,873.0
2024-01-19,870.0
2024-01-22,883.0
2024-01-23,890.0
2024-01-24,900.0
2024-01-25,904.0
2024-01-26,925.0
2024-01-29,922.0
2024-01-30,923.0
2024-01-31,900.0
2024-02-01,893.0
2024-02-02,914.0
2024-02-05,900.0
2024-02-06,906.0
2024-02-07,910.0
2024-02-08,915.0
2024-02-09,907.5
2024-02-12,900.0
2024-02-13,903.0
2024-02-14,915.0
2024-02-15,916.0
2024-02-16,905.0
2024-02-19,900.0
2024-02-20,908.0
2024-02-21,916.0
2024-02-22,915.5
2024-02-23,908.0
2024-02-26,916.5
2024-02-27,921.0
2024-02-28,913.0
2024-02-29,940.0
2024-03-01,937.0
2024-03-04,935.0
2024-03-05,963.0
2024-03-06,953.0
2024-03-07,960.5
2024-03-08,979.5
2024-03-11,983.5
2024-03-12,983.0
2024-03-13,992.0
2024-03-14,995.0
2024-03-15,981.0
2024-03-18,980.0
2024-03-19,980.0
2024-03-20,980.0
2024-03-21,980.0
2024-03-22,980.0
2024-03-25,980.0
2024-03-26,982.0
2024-03-27,972.0
2024-03-28,978.0
2024-03-29,984.0
2024-04-01,990.0
2024-04-02,991.0
2024-04-03,980.5
2024-04-04,980.0
2024-04-05,975.0
2024-04-08,970.0
2024-04-09,970.3333333333334
2024-04-10,970.6666666666666
2024-04-11,971.0
2024-04-12,980.0
2024-04-15,957.0
2024-04-16,932.0
2024-04-17,938.0
2024-04-18,940.0
2024-04-19,948.5
2024-04-22,935.0
2024-04-23,943.0
2024-04-24,947.0
2024-04-25,947.5
2024-04-26,955.0
2024-04-29,969.0
2024-04-30,950.0
2024-05-01,943.0
2024-05-02,936.0
2024-05-03,942.0
2024-05-06,944.5
2024-05-07,947.5
2024-05-08,921.0
2024-05-09,877.0
2024-05-10,880.0
2024-05-13,885.0
2024-05-14,887.0
2024-05-15,866.0
2024-05-16,880.0
2024-05-17,875.0
2024-05-20,875.0
2024-05-21,862.0
2024-05-22,867.0
2024-05-23,895.0
2024-05-24,896.0
2024-05-27,880.0
2024-05-28,871.5
2024-05-29,870.0
2024-05-30,885.0
2024-05-31,870.0
2024-06-03,853.0
2024-06-04,818.0
2024-06-05,850.0
2024-06-06,851.0
2024-06-07,840.0
2024-06-10,847.0
2024-06-11,848.0
2024-06-12,842.0
2024-06-13,836.0
2024-06-14,832.0
2024-06-17,833.5
2024-06-18,835.0
2024-06-19,840.0
2024-06-20,848.0
2024-06-21,836.0
2024-06-24,838.5
2024-06-25,826.0
2024-06-26,809.0
2024-06-27,817.0
2024-06-28,830.5
2024-07-01,832.0
2024-07-02,828.0
2024-07-03,839.5
2024-07-04,840.5
2024-07-05,850.0
2024-07-08,845.0
2024-07-09,857.0
2024-07-10,846.5
2024-07-11,870.0
2024-07-12,880.0
2024-07-15,900.0
2024-07-16,900.0
2024-07-17,923.0
2024-07-18,902.0
2024-07-19,911.0
2024-07-22,904.0
2024-07-23,923.0
2024-07-24,916.5
2024-07-25,910.0
2024-07-26,919.5
2024-07-29,917.0
2024-07-30,907.0
2024-07-31,908.0
2024-08-01,907.0
2024-08-02,901.0
2024-08-05,884.0
2024-08-06,880.0
2024-08-07,890.0
2024-08-08,898.0
2024-08-09,930.0
2024-08-12,910.0
2024-08-13,920.0
2024-08-14,914.5
2024-08-15,920.0
2024-08-16,930.5
2024-08-19,925.0
2024-08-20,930.0
2024-08-21,932.0
2024-08-22,935.0
2024-08-23,935.6666666666666
2024-08-26,936.3333333333334
2024-08-27,937.0
2024-08-28,930.0
2024-08-29,904.0
2024-08-30,885.0
2024-09-02,895.5
2024-09-03,904.5
2024-09-04,900.0
2024-09-05,900.0
2024-09-06,908.5
2024-09-09,920.0
2024-09-10,908.0
2024-09-11,906.0
2024-09-12,920.0
2024-09-13,940.0
2024-09-16,948.5
2024-09-17,970.0
2024-09-18,965.0
2024-09-19,964.0
2024-09-20,970.0
2024-09-23,991.0
2024-09-24,995.0
2024-09-25,995.0
2024-09-26,995.0
2024-09-27,996.0
2024-09-30,956.0
2024-10-01,977.0
2024-10-02,987.0
2024-10-03,983.0
2024-10-04,995.0
2024-10-07,1000.0
2024-10-08,998.0
2024-10-09,975.0
2024-10-10,979.0
2024-10-11,965.0
2024-10-14,959.0
2024-10-15,989.0
2024-10-16,971.0
2024-10-17,962.0
2024-10-18,962.0
2024-10-21,962.0
2024-10-22,956.0
2024-10-23,960.0
2024-10-24,955.0
2024-10-25,963.0
2024-10-28,964.0
2024-10-29,965.5
2024-10-30,962.5
2024-10-31,941.0
2024-11-01,950.0
2024-11-04,959.0
2024-11-05,962.0
2024-11-06,962.0
2024-11-07,940.0
2024-11-08,916.0
2024-11-11,915.0
2024-11-12,917.0
2024-11-13,900.0
2024-11-14,876.0
2024-11-15,875.0
2024-11-18,905.0
2024-11-19,896.0
2024-11-20,959.5
2024-11-21,904.0
2024-11-22,883.0
2024-11-25,882.0
2024-11-26,901.0
2024-11-27,879.0
2024-11-28,880.0
2024-11-29,875.0
2024-12-02,918.0
2024-12-03,904.0
2024-12-04,882.5
2024-12-05,890.0
2024-12-06,915.0
2024-12-09,880.0
2024-12-10,900.0
2024-12-11,886.5
2024-12-12,903.0
2024-12-13,888.0
2024-12-16,900.0
2024-12-17,890.0
2024-12-18,891.0
2024-12-19,877.0
2024-12-20,883.0
2024-12-23,900.0
2024-12-24,894.0
2024-12-25,888.0
2024-12-26,882.0
2024-12-27,899.0
2024-12-30,899.0
2024-12-31,899.0
2025-01-01,899.0
2025-01-02,899.0
2025-01-03,908.0
2025-01-06,899.0
2025-01-07,893.0
2025-01-08,880.5
2025-01-09,885.0
2025-01-10,870.0
2025-01-13,834.0
2025-01-14,838.0
2025-01-15,834.5
2025-01-16,821.0
2025-01-17,835.0
2025-01-20,830.0
2025-01-21,837.0
2025-01-22,845.0
2025-01-23,860.0
2025-01-24,845.0
2025-01-27,820.0
2025-01-28,822.0
2025-01-29,808.5
2025-01-30,795.0
2025-01-31,780.0
2025-02-03,769.0
2025-02-04,786.0
2025-02-05,830.0
2025-02-06,826.0
2025-02-07,803.5
2025-02-10,793.0
2025-02-11,794.0
2025-02-12,814.5
2025-02-13,825.0
2025-02-14,820.0
2025-02-17,785.5
2025-02-18,798.0
2025-02-19,795.0
2025-02-20,780.0
2025-02-21,780.0
2025-02-24,780.0
2025-02-25,774.0
2025-02-26,781.0
2025-02-27,780.0
2025-02-28,765.0
2025-03-03,808.0
2025-03-04,808.0
2025-03-05,805.0
2025-03-06,821.0
2025-03-07,821.0
2025-03-10,826.0
2025-03-11,814.0
2025-03-12,814.0
2025-03-13,812.5
2025-03-14,813.5
2025-03-17,815.21387
2025-03-18,816.539
2025-03-19,818.2381
2025-03-20,820.031
2025-03-21,821.8456
2025-03-24,823.66376
2025-03-25,825.4834
